Name,Position,Image,ImageURL,Bio,Years Experience,Email,Phone,Location,Status,Slug,Accreditation,FRACS Link,IFSM Link,Last Modified
Alex Aiston,Managing Director,headshot-alex.png (https://v5.airtableusercontent.com/v3/u/38/38/1739880000000/mE0L7w6YqgrMhxp95EJLnw/uSZhY-O3DjyMkoLAP2Hcej3RWD6kyDywPA0MBBlqeMnab9uLRtxLp05t1Yi95uHHjBLOoaHK6-Zq4tNMa8yl534K-BM7uATkuyaX4-VTF0_Kr2ka1eBBKg7XUch2gl4bu7SJIRLTSo-g5llfBftsdlXcQGtoWH0skFOmiFzp7e0/VmSQyEf03AS2kY6HmDEE2scB9mDMdkwdZ-RDK_4sY_8),https://res.cloudinary.com/rocketsquid/image/upload/v1714716216/AFC/headshot-alex.png.png,"When I joined my Father in early 2018, it was with a clear vision to build not only my own knowledge but, build a respectable company in the Fire Safety Industry. 

Having now taken over the Managing Director role for AFC Fire, I am really looking forward to taking this company to where it deserves to be. 

I also hold multiple qualifications & accreditations, paired with multiple industry experiences across HRRB’s, theatres, complex buildings, General Needs, Independent/Supported Living & Care Homes. 

My beliefs are in line with my father's i.e. professionalism, trust and reliability, and I also believe that a complete understanding of our customers’ needs is key to the continued success of AFC Fire.

I'm proud to say I have recently been elected to the Council of Institute of Fire Safety Managers 2024. ",7,alex@afcfire.co.uk,0777 1366 942,"London, UK",Live,alex,"Warrington Fire - FRACS Individual Scheme,IFSM Member ,IFSM Tier 3 - 2023",https://www.warringtoncertification.com/certified-companies/details/FRA114/fracs-individual,https://ifsm.org.uk/assessors/?users-filter=125&tfrar=3,10/22/2024 8:55pm
Mark Aiston,CEO,headshot-mark.png (https://v5.airtableusercontent.com/v3/u/38/38/1739880000000/tGWEr1wXL_q8G9tLwBEUMA/oOg2qCUcAaFXUzULVc5e9G8Zwvuv0TvVsLm646tRhGsyydkCgQvOgCcA7mYILpksmqw2mUjYsFT7-ezkhWjVNYkCiJ-ji0Mr_DN4txfkXk6GBdJFtS9eMKSTM5u5u3kNSTwS2Z8V2EZAX_ugyZq9mJx9QQJd6NqtK3zpFwskiIM/xpEhusJ5ijZIzKlQdEUELSmeQOhF_njGlu3sNUurjIk),https://res.cloudinary.com/rocketsquid/image/upload/v1714716215/AFC/headshot-mark.png.png,"Mark founded AFC Fire in 2014 with a clear vision to provide the best solutions, at the best price, and in the best timeframe to ensure complete customer satisfaction. He had become frustrated with the poor levels of communication and service in the fire industry and realised that complete customer focus was the key to success. Consequently, Mark is actively involved in the personal and professional growth and development of the team, as he believes that people are essential to the success of the business. Both he and the rest of the team will always go that extra mile to ensure that customer requirements are met, first time, every time.

Mark believes the professionalism, trust, and reliability within the AFC Fire team, coupled with a true understanding of our clients’ needs and requirements, is key to the continued success of the business.",10,Mark@afcfire.co.uk,0777 900 5709,"Hastings, UK",Live,mark,IFSM Member ,,,5/3/2024 3:37pm
Joe Chandler,Principal Fire Consultant,headshot-jc.png (https://v5.airtableusercontent.com/v3/u/38/38/1739880000000/x4TalVY43l9GbDLYJxLvXg/GNbLVcmMuxRHFFCziP3XIJaPBWS3G2rMLdKY3YLV2zPTF3bLxFQrKU6Us-C9eK0xfJGC3OliVNl5sgI8daZmRkUBh-LqiI32hV7VTBJ7uXAFFruTaeQgaGJIXmn4ReaR6APR0KdPQReOPk8LV99-hO4DM6YtRzziU_K_zilunp8/lZqj9mvCS5ohnJ7dOkYItSBcB0DkrICm4lYiUMcyMS8),https://res.cloudinary.com/rocketsquid/image/upload/v1714716222/AFC/headshot-jc.png.png,"I started working in the fire safety industry in 2018 as a fire systems engineer focusing on the install, maintenance and commissioning of fire alarm systems, emergency lighting and fire extinguisher. A passion for fire safety led me to become a fire risk assessor with AFC Fire and Security. 

My time with AFC has been incredibly rewarding and my continuous development has allowed me to carry out Fire Risk Assessments, Fire door inspections and compartmentation surveys on a range of different properties. 

At the end of 2023 I took on the role of Principal Fire Consultant at AFC. This role has allowed me to pass on my knowledge and training to junior members of the team and also manage some of our large, ongoing projects while also continuing to work as a competent Fire Risk Assessor.
",3,Joe@afcfire.co.uk,,"Kent, UK",Live,Joe,"IFSM Member ,IFSM Tier 2 - 2024",,https://ifsm.org.uk/assessors/?users-filter=3367,10/22/2024 8:55pm
Caden O'Leary,Fire Risk Assessor,headshot-co.png (https://v5.airtableusercontent.com/v3/u/38/38/1739880000000/NJZniXVA6F41t2kZWJiVDQ/x_120YaYdnqJAUYDbFhvQMdMgvfnfIFti43AIIysW0CxtRxMOSq2e_qW8AiP7RV8npxg6LUuDxWWPPdxYQa66kL7x6Ublzean40ATlRTN-dwjJ_MHn-3LJobjdntOWW8VVL3kZl6CURPUOKCTvquNl0kyL2locOeid0Y8EdVqCY/uTI4oRGMsxjrcBxZdpH4FDBxEAmo1lmJVqRaW1SJ3Os),https://res.cloudinary.com/rocketsquid/image/upload/v1714716217/AFC/headshot-co.png.png,"I joined AFC Fire in March 2023, at which point I was new to the industry. I wanted to join AFC because I knew that my skills, combined with continued support and guidance from the AFC team, would help me develop into a competent Fire Risk Assessor. 

Despite still being in the early days of my career as a Fire Risk Assessor, I have achieved qualifications and gained lots of experience in delivering suitable and sufficient Fire Risk Assessments, Fire Door Inspections and Compartmentation Surveys. I fully understand the seriousness of my job role, as well as the skills required to meet AFC’s high standard. 

I joined AFC because I want to learn from the best, and work with the best. I fully believe that myself, and the entire AFC team, have the skills, ability and potential to become influential members of the fire safety industry. 
",2,Caden@afcfire.co/uk,,"Sussex, UK",Live,Caden,"IFSM Associate,IFSM Tier 2 - 2024",,https://ifsm.org.uk/assessors/?users-filter=4218,10/22/2024 8:55pm
Kerlan James,Fire Risk Assessor,,,,,,,,In progress,,,,,2/10/2025 9:20pm
James Pratt,Fire Risk Assessor,headshot-jp.png (https://v5.airtableusercontent.com/v3/u/38/38/1739880000000/S_VzCFherpptspNJMkOTXQ/gc2Qy8cSDXhnUK4n_lTJlziqS1zV2WBvGof7V2VZK97wbURZjpjb8yC8HcQ7Tadbbl7kP1PD7TbQiRQM3dmFWXSZeYsoE4FMgGwSmvSt4DCODsGntUJvLQKy4UK7gJfWHGynzUF8kE1SqavnVDnIjJ41pPPpkMh01S3ULyL0wMw/fyTFWdmpp4Pp_dXsJUwMUrgfE00h3fda-ZtR6mchrWA),https://res.cloudinary.com/rocketsquid/image/upload/v1714716219/AFC/headshot-jp.png.png,"I began my fire safety career with AFC Fire in August 2022, as a fire door inspector. My AFC colleagues were (and still are) great to work with and encouraged me to move further into fire safety by training to become a fire risk assessor. 

In October 2023 I qualified as a fire risk assessor and began carrying out FRAs. These started with small, residential properties and have now progressed to include larger and more complex premises, both residential and commercial. 

Throughout my journey so far, AFC Fire has provided the support, guidance, and challenges I needed to progress and continue to be one of the best companies I have worked for.
",2,James@afcfire.co.uk,,"London, UK",Live,James,"IFSM Associate,IFSM Tier 2 - 2024",,https://ifsm.org.uk/assessors/?users-filter=4223,7/12/2024 12:13am
Ethan McNichol,Apprenticeship Programme,Ethan - Photo.png (https://v5.airtableusercontent.com/v3/u/38/38/1739880000000/krmI_okFxajFtd9uX59NbA/kgQ0CEm9gb1tjq8UMRS8cAGmGMA_XGrPTIquMMe6-gDHNsYFkK9GZKgmM0BMoc2iaeH0XjBd5e-PZ1eMLxCBwi4-OyWaFnndOKv6oytkPbfAJAM9-sHsQu0anziz-ThZeffJEdFtvtD8DvUeIaxXiAE-iGYTfTKFXnLF2stysr4/tDKOpMKXjqqaKiUZywybtefUIHPlSwxRAw44ACPSz8A),https://res.cloudinary.com/rocketsquid/image/upload/v1739232051/AFC/Ethan%20-%20Photo.png.png,"I joined AFC fire in September 2024 on an apprenticeship scheme, I had close to no experience or understanding of the fire safety industry, however, with the guidance and support that AFC offer, and have given me, it did not take long for my passion and drive for the Fire safety industry to take hold.

During my time at AFC I have gained a vast amount of knowledge and skill through numerous training courses; practical experience, shadowing, and online CPD. Throughout the time I’ve worked with AFC I have gained the knowledge to become a competent fire door inspector, as well as reaching a level of competence to do compartmentation surveys within buildings. 

I am very happy with the experience I have obtained so far, but the learning doesn’t stop now. In the near future, I aim to accomplish the role of being a competent fire risk assessor and I am dedicated on expanding my understanding and skill capabilities within the industry. 
",0,Ethan@afcfire.co.uk,,"London, UK",Live,Ethan,,,,2/11/2025 8:00am
Mandy Aiston,Administration Manager,headshot-mandy.png (https://v5.airtableusercontent.com/v3/u/38/38/1739880000000/lAtlS_F5hLBcwHBKGCrsfw/H56ydW-vnuNkPf6q8n_3gNkmwbn5qetuGyNJpJ8jfTvdcOXyISuh41aYxg0oFIaN374mrBvIzmglULpDekFzpZFEV2uoveWtRSm30oSBwRXac0AHNoL_ULheXVpbDM63Pl8W7baL1rwYKK1UIEiQrm7pAkVkkJvdybLuWU3YP-s/DgsY7YsKOXB8L-ywA94AbWz9MYXXxc-wcNpinhZUNpM),https://res.cloudinary.com/rocketsquid/image/upload/v1714716220/AFC/headshot-mandy.png.png,,,Admin@afcfire.co.uk,0203 143 4754,,Live,Mandy,,,,6/3/2024 8:46pm